"Toxic masculinity: drinking beer, objectifying women.","[""men need to prove themselves as manly"", ""men only drink."", ""men only want a woman to have sex with."", ""men will have sex with anyone""]"
Belittling men who show emotions.,"[""must be masculine"", ""should not show weakness"", ""women date \""inferior\"" men"", ""women don't want real men anymore"", ""women sometimes just referred to as \""females\"""", ""women want to date weak men""]"
Implied stereotyping of feminist women.,"[""feminists are violent"", ""feminists threaten rape"", ""threaten men"", ""use rape to get what they want""]"
Implied endorsement of sexual assault.,"[""conservatives are immoral"", ""conservatives are perverts""]"
"Gender stereotypes, sexual objectification.","[""women are used for cooking"", ""women are used for sex""]"
Stereotyping women as gold diggers.,"[""women are superficial"", ""women only care about money"", ""women only want women"", ""women will sleep with anyone with money""]"
Downplays crisis in Syria.,"[""trivializes harm to victims""]"
Fat people are lazy and need to exercise.,"[""fat people are degenerate"", ""fat people are degenerates."", ""fat people are unwanted"", ""fat people have no morals."", ""overweight people are degenerate""]"
Gender stereotype in warfare.,"[""women are more warmongering than men"", ""women cause more conflict than men""]"
Confusion between ethnic groups.,"[""all look alike"", ""asian people are pale"", ""asian people are short"", ""look albino"", ""look mexican"", ""should be made fun of""]"
Mocking African migrants' value and autonomy.,"[""african migrants are invading europe."", ""african migrants should be sold into slavery."", ""makes a joke of slavery"", ""trivializes slavery of blacks""]"
Stereotype of dishonesty and unattractiveness.,"[""black folks are inferior"", ""black people are ugly"", ""uses a racial slur"", ""uses the n word""]"
Adopted child is unwanted trash.,"[""adopted children are problem children"", ""adopted children are unwanted""]"
Violent rejection of stereotyping.,"[""does not have valid opinions"", ""is deserving of voilence"", ""trivializes harm to victims"", ""women are objects"", ""women are sex objects""]"
Disrespect for black men.,"[""black men are hitting on women inappropriately"", ""black people are putting down other black people."", ""black people are referred to as niggas"", ""niggas is a slang term""]"
"Anti-Semitic, Islamophobic, Hypocrisy in combating hate.","[""are nazis"", ""muslims are fascists"", ""muslims are inconsiderate"", ""muslims hate westerners"", ""muslims want to kill jews"", ""want to kill all jews""]"
Implied racial stereotype: Black people laughing.,"[""black folks are inferior"", ""black folks aren't smart"", ""racism is funny"", ""the n word is funny""]"
Offensive view against same-sex relationships.,"[""gays are bad"", ""gays are disgusting"", ""is not okay"", ""shouldn't be seen"", ""shouldn't get married""]"
Implied shallow judgment based on physical appearance.,"[""women are hypocritical"", ""women are shallow"", ""women are stupid"", ""women have low self esteem""]"
Calling adult women immature.,"[""calls women females"", ""women are childish""]"
"Threat of violence, toxic masculinity.","[""women are bitches"", ""women are weak""]"
implied insult about Christianity,"[""pagan folks are inferior"", ""pagan folks are pathetic"", ""pagan folks are wish washy christians"", ""pagans are bad"", ""pagans are less than christians"", ""pagans are the devil"", ""pagans are worse than christians""]"
Sexist comment about female singers.,"[""women aren't as good as men"", ""women aren't good singers"", ""women can't sing"", ""women have no talent""]"
Ugly men are bad people.,"[""a man must be good-looking to have a good personality"", ""ugly folks are bad people."", ""ugly folks are mean."", ""ugly men are horrible inside""]"
Racist comment against Black person,"[""black folks aren't as good as white people"", ""black folks ruin everything"", ""black people are lesser human beings"", ""black people don't mind being called racial slurs""]"
Homophobia and dehumanization.,"[""are cancerous"", ""are sick"", ""gay men are immoral"", ""gay men are irresponsible"", ""has something wrong"", ""should die""]"
Racial slur and gender insult.,"[""use of n word"", ""women are bitches""]"
Violent and sexist comment.,"[""trivializes harm to victims""]"
Negative body image stereotypes.,"[""are just objects"", ""fat folks need to lose weight"", ""fat people are unattractive"", ""fat people should lose weight"", ""fat women are hoes"", ""women are refereed to as a derogatory word""]"
Arrogance and objectification.,"[""are just objects"", ""are second class citizens"", ""derogatory term used"", ""women are not intelligent""]"
Sexualizing female athletes.,"[""women are hoes"", ""women sleep around""]"
Devaluing women for attention on social media.,"[""are all hoes"", ""is promiscuous"", ""woman are hoes/sexually promiscuous"", ""woman are vain""]"
Implication of toxic masculinity.,"[""are out to get straight men"", ""makes straight men crazy"", ""women are abusive"", ""women are sex objects""]"
"Dehumanizing incels, stereotyping women.","[""women are judgmental."", ""women are mean.""]"
Implied offensive message towards alt-right.,"[""liberals are intolerant"", ""liberals are nazis""]"
"Anti-immigrant sentiment, xenophobic, racist.","[""illegals should be deported"", ""immigrants are not welcome"", ""mexican folks should be deported"", ""mexican folks should not be in the us""]"
Female genital mutilation promotes chastity.,"[""women are sluts."", ""women are whores."", ""women need to be controlled."", ""women need to be kept in line"", ""women should be circumcised, too."", ""women should be punished""]"
Implying all black men have the same first name.,"[""black men are all tyrones"", ""black men don't take care of their kids."", ""black people all look alike"", ""black women have multiple children with multiple men."", ""have different dads""]"
"Offensive language, unstable opinions.","[""gay men are called fags"", ""gay men are indecisive"", ""gay men are lesser than other groups"", ""gay men should be called faggots""]"
Implying promiscuity based on appearance.,"[""unattractive women are objects or not worth being loved."", ""woman are objects"", ""woman are sex objects"", ""you need to put a bag over an ugly women's face to have sex with her.""]"
Minimizing Jewish suffering in Holocaust.,"[""jewish people lied about the holocaust"", ""jews are liars"", ""jews didn't die in the holocaust"", ""trivializes harm to victims""]"
Questioning Japanese identity based on food.,"[""all japanese people are familiar with the same food dishes."", ""all japanese people are the same."", ""japanese people should fit a certain sterotype"", ""japanese people should have a knowledge of japanese foods""]"
Girls lack independence and critical thinking.,"[""women are defined by their men."", ""women are intellectually deficient."", ""women are not as smart as men"", ""women can't form their own opinons"", ""women cannot think for themselves""]"
Implying feminism is hypocritical and selfish.,"[""are hypocrites"", ""dont really care about equality"", ""feminists are hypocrites"", ""feminists are hypocrits"", ""feminists are less intelligent than other people"", ""feminists want inequality""]"
Racial stereotype and insult.,"[""are niggers"", ""calls black people nigger"", ""is inherently bad"", ""slur"", ""use of the word nigger""]"
Negative stereotypes towards immigrants.,"[""all immigrants cost the taxpayers"", ""all immigrants need to stay out"", ""should stay in their own country"", ""should stay out of the usa""]"
Implying gay men are promiscuous.,"[""are just objects"", ""derogatory term used"", ""gay men all have anal sex"", ""gay men are promiscuous"", ""gay men like to have anal sex"", ""gay men like to have anal sex, so poo will be on the condoms""]"
Spread false information to manipulate election.,"[""democrats cheat"", ""democrats lie"", ""liberals are corrupt"", ""liberals are liars""]"
End religious tax breaks and coddling.,"[""christians are hypocrites"", ""christians take advantage of tax breaks""]"
Initial amusement followed by negativity.,"[""trivializes harm to victims""]"
Insensitive joke about 9/11.,"[""terrorist attacks are exaggerated by the govt."", ""trivializes harm to victims""]"
"Implying Muslims responsible, Trump incompetent.","[""trivializes harm to victims""]"
"Stereotyping culinary students, sexist.","[""straight men do not cook"", ""women should cook for men"", ""women should do the cooking"", ""women should take care of all household duties""]"
Derogatory slur for LGBTQ+ person,"[""faggot is a derogatory term for gay people."", ""gay men are called faggots"", ""gay men are lesser than"", ""gay men should be called faggots"", ""gay people deserve to die"", ""gays are gross""]"
Racial stereotype against black people.,"[""black people are the n word""]"
implied bias against left ideology,"[""leftists dont know what this country needs"", ""liberals are wrong""]"
Stereotype: Black people are poor.,"[""black folks are poor"", ""black folks can't afford healthy food"", ""black folks cannot afford good food"", ""black folks eat poorly"", ""minorities are poor"", ""minorities eat poorly""]"
Implying Trump is swamp.,"[""conservatives are bad"", ""conservatives are the \""swamp\""""]"
"Anti-Semitic stereotype, self-hating Jew.","[""describes jews as kikes"", ""jewish people are ashamed of their history"", ""jewish people are k*kes"", ""jews are ashamed of being jewish or self hating""]"
Homophobic slur implied.,"[""gay men should be called fags"", ""gay men should be the butt of jokes""]"
"Racial stereotypes, fetishizing white women.","[""black folks eat chicken"", ""black folks lust after white women"", ""blacks are attracted to white women"", ""blacks like fried chicken"", ""blacks love fried chicken"", ""whites and blacks are different""]"
Racial slurs used casually.,"[""are just objects"", ""derogatory term used"", ""not intelligent"", ""women are refereed to as a derogatory word""]"
Homophobic slur.,"[""fags is a bad term"", ""gay folks are \""fags\"""", ""gay folks are inferior."", ""gay people are called fags"", ""is a disappointment"", ""is promiscuous""]"
Implied homophobia and judgment.,"[""gay folks don't have a family."", ""gay folks don't have kids."", ""gay people don't have families"", ""gay people don't have kids""]"
Stereotypes women as gossipy.,"[""are just objects"", ""are lesser people""]"
Racist comment towards someone supporting black people.,"[""black folks are dumb"", ""black folks are subhuman"", ""black people are less"", ""black people are niggers"", ""blacks are bad"", ""blacks should be called the n-word""]"
Criticism of body size.,"[""women are hoes"", ""women are only worth something if they're attractive"", ""women exist to please men"", ""women should be of a certain body type""]"
Implying Republican Party does not fight.,"[""conservatives are cowards"", ""conservatives are spineless""]"
White people are deceptive allies.,"[""all white people have potential to be racist"", ""white folks are always out to get someone"", ""white folks are evil"", ""white people are all still racists"", ""white people are trashy"", ""white people use everything against blacks""]"
Racist and homophobic insult by Black kid,"[""black people are inferior"", ""black people are slaves"", ""blacks picked cotton"", ""blacks were slaves"", ""pick cotton"", ""were slaves""]"
Racial profiling and police brutality.,"[""black folks are inferior"", ""black folks deserve to die"", ""blacks are common targets of cops"", ""blacks are target of killings""]"
Anti-Semitic stereotype: Cheap and greedy.,"[""jewish folks are criminals."", ""jewish folks should be in jail."", ""jewish people are inferior"", ""jewish people were all burned"", ""trivializes harm to victims""]"
Stereotype of Jewish people being frugal/cheap.,"[""jewish people are cheap"", ""jewish people are stingy"", ""jews are cheap."", ""jews are greedy"", ""jews are swindlers."", ""jews belong in concentration camps""]"
"Anti-Semitic stereotypes, money obsession.","[""jewish people are bad parents"", ""jewish people are greedy/stingy"", ""jewish people only care about money"", ""jews are cheap"", ""jews are miserly"", ""jews are misers"", ""jews love money""]"
Implied stereotype: Black male involvement in violence.,"[""trivializes harm to victims""]"
Negative stereotype about Mexicans.,"[""latino folks are always doing unskilled labor."", ""latino folks wash windows too often."", ""mexican people are cleaning people"", ""mexican people only have service/janitorial jobs"", ""mexicans are illegal workers"", ""mexicans do all the chores""]"
"Misunderstanding Muslim prayer, surprise at reaction.","[""muslim people are terroists"", ""muslims are murderers"", ""muslims are suicide bombers"", ""muslims blow things up""]"
Stereotyping black men as drug dealers.,"[""black people are crackheads"", ""black people are criminals""]"
Boyfriend and girlfriend should not be laughed at by other people.,"[""degrades women by calling them names"", ""hoes are not worthwhile"", ""women are called hoes"", ""women are hoes""]"
Racial profiling - police bias.,"[""black folks are all criminals"", ""black people are thieves"", ""mexicans are all criminals"", ""mexicans are bad""]"
"Implying white is superior, lazy.","[""black people abdicate their responsibilities"", ""black people are lazy"", ""black people are treated worse than white people"", ""black people are uneducated"", ""group doesn't work"", ""that black folks are lazy"", ""they are lazy""]"
Implying black people need validation.,"[""black folks are hanged"", ""black folks are likely to be killed"", ""black folks are subhuman"", ""black folks should be hung""]"
"Racial stereotypes, disregard for lives.","[""are subhuman"", ""are worthless"", ""promotes violences toward black folks"", ""promotes violences toward hispanic folks"", ""that blacks and mexican are not worth living"", ""that it is ok for blacks and mexicans to be hurt""]"
Racial and religious discrimination.,"[""are unwanted"", ""are worthless"", ""black people are inferior"", ""black people are second class citizens"", ""black people don't matter"", ""have no value"", ""jewish people are inferior"", ""jewish people are second class citizens"", ""jewish people don't matter"", ""nobody care if jewish people die"", ""nobody cares about what happens to black people"", ""would be better off gone""]"
Violent stereotype against black men.,"[""black folks are criminals"", ""black folks steal"", ""black people are criminals"", ""black people are violent"", ""black people steal""]"
Racially motivated blame on victim,"[""black folks are inferior"", ""black folks don't matter"", ""black people are less than"", ""black people are the only criminals"", ""black people deserve to die"", ""blacks are responsible for white crime""]"
Dehumanizing racist 3/5 compromise.,"[""aren't a full  human"", ""black folks are inferior"", ""black folks are less than white folks"", ""black people are subhuman"", ""is inherently bad""]"
Stereotype of blacks in Africa.,"[""all blacks from africa."", ""animal more human than blacks."", ""black folks are not worthy of equality"", ""black people are property"", ""black people are stupid"", ""black people are worthless"", ""blacks are less than animals"", ""blacks are slaves""]"
"Mocking disabled individuals, joke about inability.","[""disabled people are objects of humor"", ""disabled people can't walk"", ""handicapped people are inferior"", ""makes a joke about a disability"", ""people in wheelchairs are weak"", ""thinks it is funny if they cant walk""]"
Offensive stereotypes and beliefs.,"[""always think about sex"", ""black folks are criminals."", ""black folks steal things."", ""black people are all thieves."", ""black people are driven by money."", ""can't control themselves"", ""gay men are all obsessed with sex."", ""gay men are driven by anal sex."", ""gay men can't control themselves."", ""gay men touch other men without consent."", ""jewish folks are cheap."", ""jewish folks are frugal."", ""jews are cheap."", ""jews will do anything for money."", ""they like money"", ""they steal things"", ""they want to have a lot of money"", ""will have sex with anyone""]"
Implying association between Jews and burning.,"[""holocaust jokes"", ""jewish people should be killed."", ""jews burned in ovens in the holocaust"", ""jews deserved to be burned in ovens"", ""jews deserved to die in the holocaust"", ""makes fun of holocaust""]"
Mocking Parkinson's symptoms.,"[""disabled people can't control themselves"", ""makes fun of the disabled""]"
"Antisemitic stereotype, implying greed.","[""have large noses"", ""have small penises"", ""jewish people have big noses"", ""jewish people have small penises"", ""jews have big noses"", ""jews should be cleansed of the earth""]"
Offensive stereotype: degrading racial comparison.,"[""are dogs"", ""are not humans"", ""are related to dogs"", ""have dog dna inside them"", ""latinas are dogs"", ""latinas have lots of children""]"
Women can't understand philosophy.,"[""women can't read books made for men"", ""women shouldn't study""]"
Racist comment against non-white group.,"[""black folks are offensive"", ""black folks should be hated just because"", ""black people are offensive"", ""black people aren't worth as much as white's""]"
Minimizing sexual assault claims.,"[""rape doesn't occur in large numbers"", ""rape victims lie"", ""trivializes harm to victims"", ""women lie about rape""]"
Negative stereotypes about priests.,"[""all priests are pedophiles"", ""all priests are rapists"", ""christian men are all rapists and pedophiles"", ""group is full of rapists and pedophiles"", ""priests like to have sex with children."", ""priests like to have sex without consent.""]"
Implied pedophilia joke.,"[""catholic priests are pedophiles."", ""christian priests love little boys"", ""jewish people are deceptive/manipulative"", ""jewish people are greedy"", ""jews are crooks."", ""jews are thieves""]"
Inappropriate sexual behavior from priest.,"[""clergy are pedofiles"", ""priests are pedofiles""]"
Racist stereotype: red bull keeps away Black people.,"[""blacks are called the n word"", ""it's okay to use the word nigger"", ""saying nigger makes everything funny""]"
Stereotype: poor black man only.,"[""black make no money"", ""blacks are not able to succeed"", ""blacks are uneducated"", ""blacks cant support themselves""]"
Objectifying women for appearance.,"[""ugly women are worthless"", ""women are promiscuous"", ""women don't take care of themselves"", ""women should be judged by their weight"", ""women shouldn't get tattoos"", ""women's value comes from their appearance""]"
Toxic masculinity and victim blaming.,"[""women only want to use men""]"
Violent racism and xenophobia.,"[""blacks are criminals"", ""blacks are niggers"", ""blacks should be called the n-word"", ""hispanics are spics""]"
White privilege in law enforcement.,"[""black people are hated by the police"", ""black people are stupid"", ""black people are thugs"", ""blacks are criminals"", ""deserve to die"", ""is inherently bad""]"
"Blaming wife, sexist stereotype.","[""women are inferior to men"", ""women belong in the kitchen"", ""women belong in the kitchen."", ""women can't drive.""]"
Implied stereotype of lack of hygiene and awareness.,"[""indians are dirty"", ""indians have bad hygiene""]"
Racist implication towards Indians.,"[""indian children are produced from rape"", ""indian people rape"", ""indians don't respect women"", ""indians rape their women"", ""native american lives are worthless"", ""native american's owe white's""]"
Africa lacks cultural diversity: only skeletons.,"[""african folks are starving"", ""african folks look like skeletons"", ""are all skinny"", ""are malnourished""]"
Racism towards African Americans,"[""bad"", ""bad humor"", ""black people are scary"", ""black people do things in groups""]"
Racist comparison between bees and humans.,"[""are agressive"", ""are violent"", ""black people are aggressive"", ""black people are violent"", ""blacks are animals"", ""blacks are violent""]"
Implying Africans have higher infant mortality.,"[""african babies die more often"", ""africans are poor and live in third world countries"", ""africans don't have the medicine to take care of their kids."", ""africans have less access to health care"", ""black babies die more frequently than others"", ""blacks can't keep their kids healthy""]"
of living without his sight.,"[""blind people are useless"", ""blind people have no reason to live"", ""blind people should just kill themselves"", ""blindness is the worst"", ""physically disabled folks are useless"", ""physically disabled folks deserve to die""]"
Sexist and dismissive towards women.,"[""calls women out on \""double standards\"""", ""post expresses hate for women"", ""women make excuses for themselves""]"
Negative stereotypes towards Trump and GOP.,"[""conservatives are incompetent"", ""conservatives are ruining america""]"
Implying derogatory gender assumptions.,"[""can't be women"", ""can't change biology"", ""trans women are not good enough"", ""trans women are not real women"", ""trans women are still just men"", ""trans women can't be a real woman""]"
Segregation and inferior education for minorities,"[""black and latino people are dumb."", ""black and latino people shouldn't be as educated."", ""minorities are of lesser value than whites"", ""minorities should not be afforded the same services as whites""]"
Sexist & demeaning toward women.,"[""women are sex objects"", ""women who like sex are hoes""]"
Implied comparison with trashy TV show.,"[""muslims are rapists"", ""muslims aren't monogamous""]"
Insulting appearance and race.,"[""black people are niggers"", ""black people are ugly""]"
Anti-Muslim sentiment: Christmas wish for eradication.,"[""calls for elimination"", ""muslims have no place in the western world"", ""states does not beling in country""]"
Perpetuates rape culture and victim blaming.,"[""have rape fantasies"", ""want to be raped"", ""women lie"", ""women like to be raped"", ""women mean yes when they say no"", ""women secretly want to be raped""]"
Sexist assumption about women.,"[""trivializes harm to victims.""]"
Insensitive reference to school shootings.,"[""trivializes harm to victims""]"
Negative stereotype about Jews.,"[""all jews are bad people"", ""are selfish"", ""jewish people are stingy"", ""jews are greedy."", ""jews are money-grubbers"", ""jews only care about money.""]"
Sexually promiscuous women only interested in material gain.,"[""women are vain"", ""women cheat on their partners"", ""women will screw anything"", ""womens cheat""]"
Stereotyping women as deceitful and promiscuous.,"[""women are fake"", ""women are hoes"", ""women are promiscuous"", ""women fake emotions""]"
Stereotyping Muslims as aggressors in Israel.,"[""muslim folks are inferior \""muzzies\"""", ""muslim folks are instigators"", ""muslims are bad people"", ""muslims attack israel."", ""muslims don't deserve to exist"", ""muslims instigate conflicts."", ""muslims kill jewish people.""]"
Racist stereotypes and offensive language.,"[""blacks are called the n word"", ""blacks have ruined america"", ""blacks like to fight"", ""refers to blacks with the n-word"", ""use of the n word""]"
Implying independents are ineffective and irresponsible.,"[""are failures"", ""don't see their failures""]"
Stereotypes of Asian women in sex work.,"[""chinese women are sex workers."", ""chinese women don't understand english.""]"
"Gender stereotype, comparing alarm to wife.","[""all women nag"", ""beating women is permissible."", ""ok to hit woem"", ""women are less than men"", ""women deserve to be beat"", ""women/wives are nags.""]"
Racist stereotypes in Scarborough.,"[""asian people are dirty"", ""asian people are inferior""]"
Negative stereotypes about women's emotions.,"[""act poorly when they have pms"", ""are all the same"", ""are difficult to work with"", ""have too much interpersonal drama"", ""women are emotional"", ""women are inferior to men""]"
Implying German dreams are disliked.,"[""all germans are nazis."", ""deserve to be made fun of"", ""germans are prejudiced."", ""trivializes harm to victims"", ""were victims of hitler""]"
Racial stereotyping in crime report.,"[""are murderers"", ""are negros"", ""black people are criminals"", ""black people are violent"", ""blacks are violent"", ""referring to blacks with negro""]"
"Reinforces gender stereotypes, appearance over ability.","[""deserves to be made fun of"", ""use their looks to get what they want"", ""women are sluts"", ""women are stupid"", ""women can depend on their looks to help them through life""]"
Homophobic stereotype about anal sex.,"[""gay men have a sexual type"", ""gay men only do anal.""]"
"Gender roles, domination, superiority.","[""are caveman like"", ""are sexist"", ""men are animals"", ""men are stupid""]"
Disrespectful towards defenders of promiscuous women.,"[""women are hoes"", ""women are only good for sex."", ""women are sluts"", ""women are teases."", ""women are whores."", ""women use sex to control men.""]"
Questioning existence of homosexuality.,"[""gay people are rare."", ""gay people are weird.""]"
Inappropriate joke about school shooting.,"[""belittles the crime and the victims families losses"", ""mass shootings are no big deal"", ""trivializes harm to victims"", ""women are sex objects"", ""women are to be shot with semen""]"
Stereotyping of hardworking individuals.,"[""poor white people are the same as rich white people."", ""poor white people don't struggle.""]"
Questioning male capability compared to female.,"[""a female can't beat a real man at anything"", ""girls are weak"", ""girls should lose to boys"", ""it's humiliating to be bested by a woman"", ""it's shameful to be beaten by a girl"", ""women are weak""]"
Implied racial stereotypes.,"[""are lesser humans"", ""are victims"", ""compares blacks and jews negatively"", ""holocaust"", ""not sure"", ""second class citizens""]"
Self-hating Asian women date white supremacists,"[""asian women are racists"", ""asian women are self hating"", ""asian women only date white men"", ""asians don't like other asians"", ""asians dont find asian men attractive"", ""asians have low self esteem""]"
Implying media lies about non-Black individuals.,"[""are always in the news"", ""are negros"", ""black people are murderers"", ""black people are niggers"", ""black people don't get arrested when they commit crimes""]"
Racist joke using slur.,"[""black folks are n-words"", ""black folks deserve derogatory terms"", ""black people are cartoonish"", ""black people are niggers"", ""black people were called niggers"", ""nigger is a derogatory term for black people""]"
Implied white victimhood and targeting.,"[""blacks are killing white people"", ""minorities (blacks, latinos) are taking over the white population""]"
Insensitive speculation and blame.,"[""trivializes harm to victims""]"
Offensive reference to Nazism.,"[""referring to the ovens of the holocaust"", ""that is ok to harm jews"", ""trivializes harm to victims""]"
Blaming diversity for societal issues.,"[""dumb"", ""hates whites""]"
Being tall makes you a target.,"[""trivializes harm to victims""]"
Implies gay men are feminine.,"[""are not men"", ""gay men are not manly"", ""gay men are small"", ""gay men like feminine things"", ""play with girl toys""]"
"Insensitive, racist, objectifying women.","[""indian folks are promiscuous"", ""indian folks cannot speak english well""]"
"Sexual assault excused, women objectified.","[""are just objects"", ""women are sex objects"", ""women deserve to be raped"", ""women enjoy rape""]"
Bisexual is fake for attention.,"[""bisexual and gay men are not normal"", ""bisexual men do not actually exist and are just gay"", ""bisexuality isn't valid"", ""bisexuals don't exist""]"
Implying bisexuality is fake for convenience.,"[""are just gay people"", ""don't exist"", ""they are liars"", ""they are using others""]"
Implying anger and aggression.,"[""woman are annoying"", ""woman are bitches/female dogs""]"
"Women desperate for friends, unattractive desperation.","[""women act desperate"", ""women are called bitches"", ""women don't have many friends"", ""women have no friends""]"
Implying fake appearance and identity,"[""women are bitches"", ""women obsess over their looks""]"
Disrespectful towards women and dismissive of commitment.,"[""refers to women as bitches"", ""women are clingy in relationships"", ""women exist to please men"", ""women should not be respected if you're not married to them""]"
Stereotypes of Black women as aggressive.,"[""black folks are criminals"", ""black women are violent"", ""black women aren't real women"", ""black women should be described in quotes as females""]"
Racist assumption about Black people.,"[""bad"", ""black people are stupid"", ""black people are useless"", ""not good members of society""]"
Stereotype: Black people can't swim.,"[""black folks are slaves"", ""black folks can't swim"", ""black people don't know how to swim"", ""black people hate water."", ""black people were all brought by boats"", ""black people were brought to america on boats""]"
Negative stereotype of black fathers.,"[""black dads are absent"", ""black folks abandon their kids"", ""black folks are bad parents"", ""black kids don't have dads"", ""black men abandon their kids"", ""don't have fathers""]"
Black people are powerful cells,"[""black folks are all criminals"", ""black folks are always in jail"", ""black folks are criminals"", ""black folks are in jail"", ""black folks are physically strong"", ""black folks belong in prison""]"
Dehumanizing comparison to monkeys.,"[""black folks are dangerous"", ""black folks are inferior"", ""black folks are less human than white people."", ""black folks are like animals."", ""black folks are stupid animals"", ""black folks are subhuman"", ""black folks are unruly and violent"", ""black folks behave badly and are criminals.""]"
Negative stereotype about Black people's swimming ability.,"[""black people are less than"", ""black people are no good."", ""black people are unsuccessful"", ""black people can't swim""]"
Racist views on Black equality.,"[""black people are property"", ""black people are worthless"", ""black people shouldn't have rights""]"
Comparing Black people to fruit.,"[""black folks are not worthy of equality"", ""black people are objects"", ""black people are property"", ""black people are worthless"", ""black people do things that deserve lynching"", ""black people should be lynched"", ""blak people deserve to be hung"", ""lynching black folks is acceptable""]"
Implied stereotype of violence towards innocent blacks.,"[""black people are criminals."", ""black people are violent"", ""black people are violent."", ""black people who get shot deserve it"", ""blacks are violent"", ""blacks kill children""]"
Sexist stereotypes about women's roles.,"[""women are for giving blow jobs"", ""women are sex objects""]"
Racist stereotype against black people.,"[""are terrible dads"", ""black folks are bad fathers"", ""black folks don't have fathers"", ""blacks abandon their kid"", ""blacks dont come home"", ""is inherently bad""]"
"Campus is outdated and prison-like, but has attractive women.","[""women are objects"", ""women are walking advertisements for college""]"
Sexist stereotype: women are objects.,"[""women are promiscuous"", ""women are submissive""]"
Stereotyping immigrants as criminals,"[""immigrants are prone to crime"", ""immigrants are tribal"", ""immigrants are untrustworthy"", ""immigrants are violent""]"
Stereotype of women's nagging,"[""women are in abusive relationships"", ""women are less than men"", ""women are powerless"", ""women aren't equal to men"", ""women belong in the kitchen"", ""women have to do chores"", ""women should be seen and not heard""]"
"Anti-immigrant sentiment, violent approach suggested.","[""not belong here"", ""should all go back home""]"
"Implied racial slurs, stereotyping.","[""black people act badly"", ""black people deserve to be called names""]"
"Victim blaming, strong=immunity.","[""rape victims are weak."", ""rape victims aren't strong."", ""rape victims shouldn't be raped if they're strong""]"
"Disbelief in true disability, appearance-based comment.","[""disabled people are ugly"", ""disabled people can't be attractive"", ""disabled people can't be pretty""]"
Negative stereotypes about men in hardware stores and women shopping are implied.,"[""women always keep people waiting"", ""women cannot make up their mind"", ""women love shopping"", ""women shop obsessively""]"
"Requesting a perfect woman for dating, derogatory.","[""women are bitches"", ""women are damaged goods"", ""women are promiscuous"", ""women aren't perfect""]"
Questioning competence of women.,"[""women are entitled"", ""women are not worth celebrating""]"
Ice as a tool for deportation.,"[""are being looked for by ice"", ""are illegal"", ""are illegal immigrants"", ""are subhuman"", ""mexicans are all illegal immigrants."", ""mexicans should be deported.""]"
Dehumanizing comparison of women to trolls.,"[""are trolls"", ""hate men"", ""women are mean."", ""women hate men.""]"
Offensive stereotypes against Muslims.,"[""muslim kids cut heads off."", ""muslim kids cutting heads off is funny."", ""muslims are killers"", ""muslims cut people's heads off""]"
Negative stereotypes about Chicago individuals.,"[""black people are liars"", ""black people are niggas""]"
Anti-Semitic stereotype - Jewish people are thieves,"[""are greedy"", ""jewish people are cheap"", ""jewish people are thieves"", ""jews are obsessed with money"", ""jews love money"", ""jews steal"", ""takes what isn't theirs""]"
Implying biracial child is result of rape.,"[""all black men are rapists"", ""black men rape"", ""black people are predators"", ""black people rape women""]"
Stereotype about Indian people.,"[""indian people smell bad"", ""indians are stinky"", ""indians dont take a bath""]"
Sexual pleasure only for women.,"[""have a lot of sex"", ""have many partners"", ""women are sluts."", ""women don't take learning seriously.""]"
Implying Colombians are violent and hateful.,"[""colombians are worthless"", ""colombians deserve to die"", ""colombians hate americans"", ""colombians shouldn't be alive""]"
Advocating for the killing of black people.,"[""are inferior to other groups"", ""are unworthy"", ""blacks are lesser"", ""blacks should be killed"", ""deserve to die"", ""is inherently bad""]"
Implied domestic violence and racial stereotypes.,"[""it's ok to beat women"", ""trivializes harm to victims"", ""women are objects"", ""women are worth less than men"", ""women should be beaten""]"
Dismissiveness towards story told by woman.,"[""women are inferior"", ""women are servants"", ""women should be the cooks of the house."", ""women should do what men tell them to.""]"
Racist stereotype against Black people.,"[""primitive"", ""uses racist term""]"
Implicit racism towards dark-skinned individuals.,"[""always commit crimes"", ""are criminals"", ""blacks are criminals"", ""have darker skin"", ""latinos are criminals""]"
Selective portrayal of Muslim beliefs.,"[""muslims are stupid"", ""muslims kill women for adultery""]"
Implies GOP lacks Christian values.,"[""christian folks are heartless"", ""christian folks are hypocritical""]"
Expression of readiness for conflict.,"[""women are bitches"", ""women are servants""]"
Women are illogical modern people.,"[""women are strange"", ""women don't use logic""]"
Implying sexual rejection and gold digging.,"[""women are after your money"", ""women are shallow"", ""women are sluts."", ""women are superficial"", ""women only want men for money.""]"
Disbelief and disrespect towards a woman.,"[""women are bitches"", ""women are stupid""]"
Homophobic insult towards Neymar,"[""are not men"", ""gay men are f*ggots"", ""gay men are girly"", ""gay men are ugly"", ""look like women""]"
Dark humour is elitist.,"[""black people are on welfare"", ""black people don't have a job""]"
Sexually promiscuous woman.,"[""women are only sex objects"", ""women are promiscuous"", ""women shouldn't sleep around"", ""women who have casual sex are wrong""]"
Offensive stereotypes about age and disabilities.,"[""dating some that's handicap is bad"", ""handicapped people shouldn't date"", ""the disabled are lesser"", ""the disabled are worthless""]"
stereotyping Polynesians as imitating African Americans,"[""black people are ghetto"", ""nigga is a slang term for black people""]"
Implied insults towards Republicans.,"[""conservatives are incompetent"", ""conservatives say one thing, but do another (flip flop politics)"", ""insinuates if you have different beliefs you are a \""republicuck\"""", ""insinuates that all conservatives have to feel the same way about everything.""]"
Implying women age quickly.,"[""only young women are attractive"", ""women age poorly""]"
"Equates male genitalia to weapons, suggesting a lack of control and inappropriate behavior by disabled individuals.","[""don't have control of themselves"", ""mentally disabled folks are stupid"", ""mentally disabled folks are violent"", ""show their private areas in public""]"
Questioning intelligence of people with disabilities.,"[""disabled people are a joke."", ""disabled people are worthless.""]"
Stereotype of Irish as superstitious.,"[""child molesters"", ""overly religious"", ""priests are pedophiles"", ""priests have sex with children""]"
Racist stereotype about poor sleep habits.,"[""black folks are lazy"", ""black folks aren't hard working"", ""black people are niggers"", ""black people are worthless""]"
Stereotype of Mexican driving skills.,"[""mexicans are dirty"", ""mexicans are poor"", ""mexicans crowd a lot of people into cars""]"
Portrays women as ruining things.,"[""are incompetent"", ""ruin things"", ""trivializes harm to victims of rape"", ""women are emotional"", ""women are stupid"", ""women ruin anything good a man has"", ""women ruin everything""]"
Suggesting Germans like unusual drinks.,"[""germans are nazis"", ""germans gas people"", ""germans killed jews in wwii"", ""germans killed jews with poison gas""]"
Racist stereotype about black men.,"[""are unintelligent"", ""black people are dumb"", ""black people have big penises"", ""black people have large penisis"", ""black people have small brains"", ""have large genitalia""]"
Offensive Holocaust joke.,"[""jewish people and chimneys are funny because of the holocaust"", ""jewish people should be killed."", ""makes fun of holocaust"", ""making fun of those who were gased during the holocaust""]"
Racial and ableist slur.,"[""mentally disabled folks are r*tarded"", ""mentally disabled folks are stupid""]"
Racist analogy comparing cats.,"[""are niggers"", ""being black is wrong"", ""black people are inferior"", ""black people are weird"", ""is inherently bad"", ""refers to black people as niggers""]"
Implying the school is ghetto.,"[""trivializes harm to victims""]"
Silencing women against feminism.,"[""accuses them of falsely accusing sexual issues"", ""feminists are hypocrites"", ""feminists are not intelligent"", ""women issues complaints""]"
"Racist comment, boycott basketball.","[""are n words"", ""are not as good as white people"", ""blacks like playing basketball"", ""post expresses racism to blacks"", ""racial slur""]"
Stereotype of Jews being greedy.,"[""jewish folks are cheap"", ""jewish folks are incompetent"", ""jews are greedy"", ""jews arent people"", ""jokes about fighting over a penny"", ""plays on the stereotype that jews are cheap""]"
Suicidal suggestion for depressed individuals.,"[""depressed people always struggle with suicide"", ""depressed people can just snap out of it"", ""depressed people don't have a real mental illness"", ""depressed people should kill themselves"", ""deserve to die"", ""should kill themselves""]"
"Victim blaming, homophobia, insensitivity.","[""being lesbian is bad"", ""lesbians deserve to be punished""]"
Physics degree won't find husband.,"[""smart women are undesirable."", ""women should be focused on getting a husband"", ""women should choose their career to get a man."", ""women shouldn't be smarter than men"", ""women shouldn't have careers"", ""women shouldn't pursue academic degrees""]"
Avoid aggressive LGBTQ activism.,"[""gay people are fighting too hard for equal rights."", ""gay people are violent"", ""gay people that fight for their rights are militants."", ""gay people use force"", ""is a disappointment"", ""is promiscuous""]"
"Devaluing natural hair, insulting women.","[""black women have bad hair""]"
Implied racism and arrogance.,"[""conservatives are abusive"", ""conservatives are racist""]"
"Gender bias, girls can't do it.","[""girls can't do things boys can"", ""girls should let boys do things for them"", ""women are inferior"", ""women are weak""]"
"Avoid promiscuous women, STD risk.","[""women have std's"", ""women sleep around""]"
Inherently greedy and frugal.,"[""being jewish is bad"", ""being jewish is negative"", ""jewish people do/say negative things"", ""they are cheap"", ""they are stuck up""]"
Racial stereotypes and misogyny.,"[""black folks are less than others"", ""black folks shouldn't be trusted""]"
Discouraging bullying of overweight people.,"[""overweight people eat too much"", ""overweight people get bullied""]"
Disparaging women as promiscuous and irritating.,"[""are annoying"", ""are sexually promiscous when drunk"", ""women are sluts"", ""women who like sex are bad""]"
Racist stereotype - red-haired targets.,"[""black folks are savages"", ""savage"", ""violent""]"
Blaming minorities and women for issues.,"[""jewish folks make the world bad"", ""jewish folks ruin everything"", ""jewish people are evil."", ""jewish people are incompetent."", ""jewish people control the media."", ""jewish people control the world."", ""liberal women are bossy."", ""liberal women have ruined society."", ""liberals are bullies."", ""liberals are stupid."", ""non-white people are in control of the country."", ""non-white people ruin the life of white people."", ""people of color are dumb."", ""people of color hate white people."", ""women are stupid."", ""women ruin everything"", ""women should not be in power."", ""women suck at everything""]"
Implying government supports anti-fascists.,"[""liberals are snowflakes"", ""liberals control the media""]"
Implication of sexual misconduct by police officers.,"[""ok to use place of authority to abuse women"", ""women are easy"", ""women are lesser than men"", ""women being raped is a joke"", ""women must be stupid"", ""women should get raped""]"
Implies trust abuse by police.,"[""blames rape victims."", ""trivializes harm to rape victims."", ""women are dumb"", ""women are stupid"", ""women are too trusting"", ""women are too trusting."", ""women should be raped"", ""women should be raped.""]"
Women lie about sexual assault,"[""all women lie about being raped"", ""women are promiscious"", ""women say they've been raped so that people can see they are interested in sex"", ""women seek attention""]"
Implied offensive stereotypes of close female friendships.,"[""all women are bisexual"", ""are all bisexual"", ""are promiscuous"", ""women like women more than men""]"
Racist sentiment against black people in Ireland.,"[""black folks are bad for ireland"", ""black folks make life worse for white folks"", ""black people are bad"", ""black people should not be in ireland"", ""irish people should make black lives bad"", ""post expresses racism to blacks""]"
"Insensitive, offensive, dark humor.","[""are objects"", ""are worthless""]"
Racial stereotyping paint color by skin color.,"[""black folks are slaves"", ""black folks do menial labor"", ""black people do chores"", ""blacks are slaves"", ""blacks have specific sounding names""]"
Implying guests are promiscuous.,"[""degrades women by calling them names"", ""women are bitches"", ""women are promiscuous"", ""women coming over makes men clean""]"
Leftists are unpatriotic and destructive.,"[""they don't care about america"", ""they ruin everything""]"
Mocking a person's physical appearance and abilities; implying drugging for sexual assault.,"[""making fun of using drugs to dose someone and take advantage of them"", ""women are sex objects"", ""women hold no value""]"
Racist and xenophobic attitude towards immigrants.,"[""blacks are rapists"", ""blacks are savages"", ""racial slur"", ""will have sex with daughters""]"
"- Immigrants are blamed for problems.
- Negative views towards immigrants.","[""immigrants should stay in their own countries"", ""immigrants shouldn't emmigrate"", ""need to go back to where they came from"", ""they are all illegals""]"
Offensive comment about overweight women.,"[""being fat is bad"", ""fat people are nasty"", ""women are hoes"", ""women are just \""hoes\"""", ""women are nasty""]"
Misogynistic and body shaming.,"[""are fat"", ""are landwhales"", ""fat people are guly"", ""fat people don't deserve love"", ""women are shallow"", ""women are ugly""]"
"Body shaming, fake persona, insinuation.","[""fat women are disgusting"", ""fat women are ugly"", ""overweight folks are animals."", ""overweight folks are unattractive."", ""women are hoes"", ""women deserve to be mistreated""]"
Implies women are weak and need men for protection,"[""women are weak"", ""women need men to protect them""]"
Belittling women and mental health.,"[""don't suffer depression"", ""women are always happy"", ""women are shallow"", ""women can\u2019t be depressed"", ""women don't have deep emotions""]"
Offensive language and stereotypes.,"[""gays are bad"", ""gays are lame"", ""gays are stupid"", ""gays aren't as good as other people""]"
Implied gender-based discrimination/stereotypes.,"[""are objects to be used"", ""is not intelligent enough to enjoy the company of non athletic men"", ""women are hoes."", ""women are not smart"", ""women are used for sex"", ""women are vain."", ""women aren't oppressed."", ""women complain too much.""]"
Gender stereotypes in mental health awareness.,"[""women are proud of their mental problems"", ""women are treated with more concern than men."", ""women are unstable"", ""women complain about things that men do not."", ""women complain constantly"", ""women like having mental problems""]"
Dismissing women's views and suggesting they can only help incels by having sex.,"[""women are only good for sex"", ""women are only useful for sex"", ""women are sex objects"", ""women should offer their bodies for men's pleasure""]"
Negative stereotype against feminism.,"[""feminists hate all men"", ""feminists whine about everything"", ""women hate men."", ""women want to control men.""]"
Feminism supports male circumcision.,"[""feminism can be cruel as long as they have what they want"", ""feminism is trying to have control over men"", ""feminism promotes hatred to men"", ""feminists are hippocrites"", ""feminists are hypocrites"", ""feminists are the ones who decide to circumcise boys"", ""feminists want to control men""]"
Comparing rape to staring by white men.,"[""feminists are bad"", ""feminists are hypocrites"", ""feminists don't really care about women"", ""women are too sensitive""]"
Double standard: male virgin vs female penis size,"[""women are hypocrites"", ""women are hypocrits"", ""women crave better men"", ""women want it both ways""]"
Dehumanizing portrayal of women.,"[""women are bad"", ""women are bigoted"", ""women are terrible"", ""women are unintellgent""]"
Ethiopians are associated with HIV.,"[""ethiopians all have hiv."", ""ethiopians are infected"", ""ethiopians have hiv"", ""ethiopians have no positive qualities.""]"
Stereotyping Asian women as submissive.,"[""asian folks are submissive"", ""asian folks like to be dominated"", ""asians are docile"", ""asians are subservient"", ""easy to boss around"", ""timid""]"
Violent racial stereotype.,"[""africans have flies on their face"", ""ethiopens are similar to insects"", ""ethiopens should be killed"", ""ethiopians are unclean and dirty"", ""ethiopians live in squalor"", ""violence against black people""]"
Implying girls are weak.,"[""women are submissive"", ""women are weak"", ""women can't take care of themselves"", ""women need protection""]"
Implicit racism in breeding program.,"[""black folks are inferior"", ""black folks are trashy."", ""black folks are unintelligent."", ""black folks aren't smart"", ""black people are dumb"", ""blacks breed too much""]"
Racist stereotype about slaves.,"[""black people all come from cotton-pickers"", ""black people pick cotton"", ""black people should be slaves"", ""black people were slaves"", ""it was ok to whip black slaves"", ""making fun of slavery""]"
"Dismissal of Women's Day, denial of gender inequalities.","[""hate men"", ""lie about oppression"", ""women are inferior"", ""women pretend to be oppressed"", ""women shouldn't be feminisits"", ""women think they are superior""]"
"Racial and gender stereotypes, disrespect.","[""are niggers"", ""black people are niggahs"", ""black people are weak"", ""is inherently bad""]"
Racist against white people.,"[""black folks are criminals"", ""black folks are inferior to whites"", ""black people are at home in prison"", ""black people are criminals"", ""black people should be jailed""]"
Blaming women for financial trouble.,"[""women are petty"", ""women only care about money""]"
Sexist stereotype: all women are crazy.,"[""men are more put together mentally"", ""women are crazy"", ""women are not stable""]"
"Anti-Black criminal stereotype, inciting fear.","[""black folks are criminals"", ""black folks are violent"", ""black people are violent"", ""black people have ulterior motives."", ""blacks are violent"", ""states all blacks are criminals""]"
Homophobic and Islamophobic stereotypes emphasized.,"[""all muslims are terrorists."", ""are horny"", ""are terrorists"", ""muslim men are sexual predators."", ""muslims are less than"", ""muslims are terrorists""]"
Implied stereotype: Gay men are rapists.,"[""gay men are only interested in sex"", ""gay men are predators"", ""gay men are rapists"", ""gay men rape other men""]"
Comparison between genders and 9/11.,"[""\""there used to be just two\"""", ""they have a lot of genders""]"
Negative depiction of Ishmael,"[""muslims are animals"", ""muslims are hostile""]"
Implying women are bad at measurements.,"[""women are not good at measuring"", ""women are not handy"", ""women can't have jobs that men have"", ""women can't measure""]"
Double standard in gossiping.,"[""women are liars"", ""women are vindictive""]"
Implying racism in news coverage.,"[""black people getting beat up automatically makes it a racial problem"", ""white people aren't protected like black people are""]"
Racial prejudice against Chinese person.,"[""chinese people are not desirable to be around"", ""chinese people belong in china"", ""chinese people don't belong in america"", ""chinese people should go to china"", ""not wanting asians in the us"", ""telling asians to go back to a home country""]"
Stereotyping Jews negatively.,"[""jews are dirty."", ""jews are lesser than"", ""jews should accept holocaust jokes"", ""jews should be exterminated.""]"
Insensitive towards LGBTQ+ individuals.,"[""deserve to be made fun of"", ""is a disappointment"", ""lesbians shouldn't be married or together (like adam and eve were i guess)"", ""lesbians shouldn't exist""]"
Belittling Jesus' defeat on the cross.,"[""jesus died for people's sins"", ""jesus died on the cross""]"
Downplaying the seriousness of AIDS in Africa.,"[""african are all straving."", ""african people dying is funny."", ""african's deserve to starve"", ""african's lives do not matter"", ""africans all have aids."", ""africans are't people or deserve respect."", ""black lives do not matter"", ""blacks are poor"", ""making deaths of africans/blacks seem like good news."", ""stating that all africans have aids."", ""that aids is because of africans."", ""that all afirvans are starving.""]"
"Implying iPhones are professional, sidekicks are for women.","[""women are objects"", ""women are only good for sex"", ""women exist to please men""]"
Offensive towards individuals with Asperger's.,"[""they are crazy people"", ""they need to be on pills all the time""]"
Sexist devaluation of women.,"[""women are hoes"", ""women are just \""hoes\"""", ""women cant be trusted""]"
Implying key residents are criminals.,"[""liberals want to control people."", ""liberals want to steal guns.""]"
Negative stereotype about absent fathers,"[""black men are bad fathers"", ""black men beg for sex"", ""black men don't take care of their babies"", ""black men pressure women to have kids"", ""group are bad fathers"", ""group are immature""]"
Racist comment about Black people.,"[""black folks are arrogant"", ""black folks are nothing more than entertainment"", ""black people are arrogant"", ""black people are stupid"", ""use of the n word""]"
Implying women make sandwiches.,"[""gay people are feminine"", ""gay people are not as assertive"", ""one has to be a woman"", ""one has to feminine""]"
Implies intelligence based on gender.,"[""makes light of being mentally handicapped"", ""makes light of downs""]"
Stereotyping black men as irresponsible fathers,"[""blacks are irresponsible parents"", ""blacks have too many kids""]"
Sexist belief: Women shouldn't propose.,"[""men coerce women into marriage"", ""men tell women what to do"", ""women are emotional"", ""women are just property"", ""women can't do what men can"", ""women can't propose""]"
Implies asexual people are abnormal.,"[""asexuality isn't a valid sexuality"", ""asexuals are deluded"", ""asexuals are weird"", ""asexuals just need good sex to cure them""]"
Implying women not qualified for announcer.,"[""don't know anything about sports"", ""should not involve themselves with sports"", ""women aren't as smart as men"", ""women aren't equal to men"", ""women cant do some jobs"", ""women shouldn't be involved in sports""]"
Sexist stereotype against women in sports.,"[""women are dumb"", ""women are not equal to men"", ""women don't know anything about sports"", ""women dont belong in sports"", ""women shouldn't be involved with sports"", ""women shouldnt talk about sports""]"
Implying Ethiopians are starving.,"[""ethiopian folks are poor."", ""ethiopian folks don't have food."", ""ethiopians are all starving"", ""ethiopians come from a backwards country""]"
Disparaging comment about Ethiopia.,"[""are not allowed out"", ""can't do things"", ""ethiopens are poor"", ""ethiopens have no food"", ""ethiopian folks are poor"", ""ethiopians are starving""]"
Racist stunt joke.,"[""are second class citizens"", ""are still seen as slaves"", ""are subhuman"", ""should be killed""]"
Racial and genital stereotypes.,"[""black men have large penises"", ""black people are large penises"", ""black people are objects"", ""black people are treated poorly by society"", ""blacks have big penises"", ""blacks have large penises""]"
Negative stereotypes about intelligence and attraction.,"[""women can't control their desires"", ""women hate nice guys"", ""women lust after violent men"", ""women only date dominant men"", ""women only date people out of prison"", ""women only want bad guys""]"
Racist stereotype against Koreans.,"[""korean people are primitive"", ""korean people don't care."", ""korean people eat dogs"", ""korean people eat dogs."", ""koreans eat dogs"", ""koreans treat dogs like livestock""]"
Sexualizing and infantilizing German women.,"[""are marginalized for a joke""]"
Anti-Semitic stereotype.,"[""jewish folks are dirty"", ""jewish folks are filthy"", ""jewish people are dishonest."", ""jewish people have no morals."", ""jews are a lesser people"", ""jews should be controlled or sanctioned""]"
Racist and derogatory comment.,"[""are like animals"", ""are obnoxious"", ""black folks are dangerous"", ""black folks aren't people"", ""folks with mental disabilities are not smart"", ""mentally disabled folks are incompetent"", ""the term \""negro\"" could be deemed offensive""]"
Negative comparison between races.,"[""black folks are annoying"", ""black folks are unlikable"", ""black people are inferior"", ""black people are objects"", ""black people are unlikeable"", ""black people don't belong""]"
Disability joke with Helen Keller.,"[""physically disabled people are inferior"", ""physically disabled people are okay to tease""]"
Stereotyping trailer park living.,"[""poor people don't raise their children well."", ""poor people love their kids less.""]"
Blaming immigrants for terrorism in Sweden.,"[""muslim folks are terrorists"", ""muslim folks should be denied human rights"", ""muslims immigramts are extremists"", ""muslims immigrants are terrorists"", ""radical"", ""terrorists""]"
Inappropriate and uncomfortable family conversation.,"[""children are targets of pedos"", ""children are targets of their own parents""]"
Seeking white supremacist group in BC.,"[""blacks should be segregated"", ""non-white people are replacing white people."", ""trivializes white nationalism"", ""white people are suprerior to non-whites.""]"
Comparing car repairman to Hitler.,"[""are greedy"", ""are holocaust victims""]"
Implying Hitler was incompetent.,"[""makes light of the holocaust""]"
Offensive joke about genocide.,"[""jewish people are animals"", ""jewish people deserved the holocaust"", ""lessens pain of holocaust"", ""makes fun of holocaust"", ""should be fried""]"
Anti-Semitic and Islamophobic stereotypes.,"[""it's okay to kill jews"", ""jews kill out of hate"", ""trivializes harm to victims"", ""trivializes the holocaust""]"
"Inappropriate comparison, glorifying a dictator.","[""are worthless"", ""disabled folk deserve to die"", ""disabled folks have a disease"", ""jewish people are less than"", ""jewish people deserved to die"", ""should be killed""]"
Stereotyping women as promiscuous.,"[""women are \""hoes\"""", ""women are promiscuous."", ""women are unethical"", ""women can't be trusted.""]"
Disrespectful towards liberals.,"[""are idiots"", ""are obsessed with russia"", ""liberals are not smart"", ""liberals are stupid""]"
Animal consumption stereotype,"[""are different"", ""asian people cook dogs"", ""asian people eat dogs"", ""chinese people eat dogs"", ""chinese people will eat anything"", ""eat dogs""]"
Stereotype of insecure women.,"[""women are insecure"", ""women hate themselves"", ""women who aren't natural are fake"", ""women who aren't natural are trying to reassure themselves""]"
Anti-Semitic stereotype about Jews.,"[""are inferior"", ""go in gas chambers"", ""jewish folks are less than others"", ""jewish folks may be gased"", ""jews were frequently killed in large chambers that got filled with gas"", ""jews were slaughtered in the holocaust""]"
Comparing black people to monkeys.,"[""are monkeys"", ""black folks are like monkeys."", ""black folks should be thought of with being hanged from trees."", ""black folks should be thought of with lynching."", ""black people are objects"", ""black people should be killed"", ""get hung""]"
People with disabilities seen as incomplete.,"[""folks with mental disabilities don't have brains"", ""folks with mental disabilities need batteries"", ""mental patients are a waste"", ""mental patients are useless""]"
Comparing Twin Towers to lasagna.,"[""trivializes tragedies""]"
Implying black mothers are strict.,"[""are chained"", ""black people are animals"", ""black people are dirty"", ""black people are worthless"", ""makes light of slavery""]"
Questioning woman's seriousness due to promiscuity.,"[""women are promiscuous"", ""women are submissive""]"
Mexicans seen as lazy in future.,"[""don't work"", ""latin americans are lazy"", ""latin americans don't work"", ""they are lazy"", ""they are worthless"", ""will continue to not work""]"
Belittling boys' issues.,"[""women do not take men seriously"", ""women only care about themselves""]"
"Insensitive towards disability, xenophobia.","[""disabled people shouldn't have special accommodations"", ""trivializes disabled people""]"
Implied approval of police violence.,"[""black people are criminals"", ""black people are dark"", ""black people are shot by cops"", ""blacks are lazy""]"
Racist slave joke humor.,"[""are slaves"", ""black people are property"", ""black people are slaves"", ""picked cotton"", ""were slaves""]"
"Holocaust denial, trivializing genocide, anti-Semitism.","[""are cheap"", ""jewish folks are inferior"", ""jewish folks deserved the holocaust"", ""like anything that is free""]"
Jews are cheap and rely on outdated methods.,"[""jewish folks being burned in war"", ""jewish people are obsessed with money"", ""jews are only for burning"", ""the holocaust is funny"", ""trivializes harm to victims""]"
Implying Jews are cheap.,"[""are money hungry"", ""are penny pinchers"", ""implies that jews a greedy"", ""it makes a joke of the holocaust"", ""jewish folks are greedy"", ""jewish folks are poor""]"
Offensive Holocaust joke.,"[""jewish folks got gassed"", ""jewish people jokes about the haulocost"", ""jewish people were all thrilled."", ""jewish people were happy during ww2."", ""jewish people were massacred"", ""jewish people were put into gas chambers""]"
Implies Autists resort to violence.,"[""autistic people are violent"", ""autistic people hurt others"", ""people with mental illness deal with problems with violence"", ""people with mental illness shoot up schools"", ""trivializes harm to victims""]"
Jewish people are cheap or greedy.,"[""jewish people are cheap"", ""jewish people are not fun."", ""jewish people are stingy."", ""jewish people only care about money""]"
Racist stereotype against Black people.,"[""black fathers all abandon their kids"", ""black fathers leave their children"", ""black men are irresponsible"", ""black people abandon their kids"", ""black people are poor fathers"", ""black people don't know their fathers""]"
Implied school shooting joke conveyed.,"[""belittles the crime and the victims losses"", ""trivializes harm to victims""]"
Offensive stereotype of incompetence.,"[""are incapable"", ""are thieves"", ""black folks are thieves"", ""black people are thieves"", ""black people steal"", ""black women can't drive"", ""can't drive"", ""steal"", ""women are bad drivers"", ""women can't drive""]"
Offensive term for gay person with Down syndrome,"[""belittles them by hinting they are mental"", ""compares the to gay men"", ""compares them to those with a disability"", ""gay people deserve to be the butt of the joke"", ""gay people should be joked about"", ""makes fun of a genetic disorder"", ""mentally disabled people should be bullied"", ""mentally disabled people should be joked about""]"
Stereotypes about Asian men and their anatomy.,"[""asian men aren't sexy"", ""asian men have small penises."", ""asians have skinny penises"", ""asians have small dicks"", ""asians have small penises"", ""less manly asian make stereotype""]"
Racist suggestion to harm black people.,"[""black folks are inferior"", ""black folks are less than human"", ""black folks are less than others"", ""black folks are sub-human"", ""black folks destroy everything"", ""black folks should be killed""]"
Anti-Semitic and racist remark.,"[""belittles the pain of holocaust victims"", ""black people are inferior"", ""black people belong in the back"", ""black people deserve to die"", ""black people should be segregated"", ""jewish people deserved to be victims of hitler"", ""jews were burned"", ""jews were killed and burned"", ""was killed in ovens"", ""was killed in the holocaust""]"
Implying violence towards Muslims.,"[""muslim folks are subhuman/objects or animals"", ""muslim folks are terrorists"", ""muslim folks are violent"", ""muslim people are suicide bombers"", ""muslim people are terrorists"", ""muslims are terrorists"", ""muslims blow things up with bombs""]"
Mocking disabled individuals.,"[""mentally disabled are easy to kill"", ""mentally disabled should be called retards"", ""physically disabled folks are stupid/retarded"", ""physically disabled folks deserve violence/ to be killed""]"
Dehumanizing and animalistic portrayal of disabled people.,"[""are not human beings"", ""are people to be taken advantage of"", ""disabled folks are less than human"", ""disabled folks are stupid"", ""disabled folks deserve to die"", ""not useful people"", ""not worthy of equality""]"
Racial stereotyping and prejudice.,"[""are second class citizens"", ""are still seen as slaves"", ""blacks are burglars"", ""blacks are criminals""]"
Stereotype of Africans as poor/lacking resources.,"[""african folks are poor and desperate"", ""african folks have no water"", ""africans are poor"", ""africans are starving"", ""belittles black people who live in africa and the lack of water"", ""jokes about those in dire need of help""]"
Stereotype: Jews are greedy.,"[""jewish people are greedy"", ""jewish people are not humans"", ""jewish people are penny pinchers"", ""jewish people are stupid"", ""jewish people will do anything for money"", ""jews are cheap"", ""jews love money""]"
Anti-Semitic joke.,"[""are cheap"", ""jewish people are bothersome"", ""jewish people are greedy"", ""jews like money"", ""jews only care about money"", ""love money""]"
Racial stereotype against Black people.,"[""are racist"", ""blacks are criminals"", ""blacks are target of hate crimes"", ""blacks are worthless"", ""blacks aren't allowed to date some other races' children"", ""hate black people""]"
Racist joke about lynching.,"[""black people are less than"", ""black people are property"", ""black people are worthless"", ""black people deserve to be hung"", ""deserve to be hung"", ""lynching is funny"", ""racism is funny""]"
Racist joke about lynching.,"[""are second class citizens"", ""are still seen as slaves"", ""black people deserve to be hung"", ""black people should be hung"", ""blacks are criminals"", ""trivializes lynching""]"
Racist joke against black people.,"[""black people should be hung"", ""black people were hung during slavery"", ""blacks are subhuman."", ""blacks are worthless"", ""blacks should be lynched."", ""hanging black people was accepted during slavery""]"
Racist joke about cotton picking.,"[""black people are slaves"", ""black people do chores"", ""black people pick cotton"", ""blacks are cheap"", ""referring to slavery""]"
Implying sexual assault.,"[""trivializes harm to victims"", ""trivializes harm to victims."", ""women are sex toys"", ""women should be raped""]"
Anti-Semitic stereotype about Jews.,"[""all jews should be put in the oven"", ""jewish folks are subhuman"", ""jewish folks aren't people"", ""jewish folks deserved the holocaust"", ""jewish folks deserved to die in the holocaust"", ""jews should die"", ""making fun or how jewish folks were tortured""]"
Stereotyping Asians as bad drivers.,"[""asians are bad drivers."", ""asians are good at math"", ""asians are nerds."", ""asians are really smart"", ""asians can't drive"", ""asians cant drive""]"
Offensive anti-Muslim sentiment.,"[""all muslims like violence"", ""muslims are terrorists"", ""muslims blow themselves up"", ""muslims use bombs""]"
Anti-Semitic stereotype: equating Jewish people with greed.,"[""appears to make fun of holocaust"", ""jokes about jews being burned in camps""]"
Disrespectful Holocaust joke.,"[""all the girls were burned"", ""jewish folks are to be killed and burnt."", ""jewish folks were killed in the holocaust."", ""jews deserved to die in the holocaust"", ""jews lives don't matter"", ""there is nothing left of them""]"
Mocking violence against Syrians.,"[""syrians are terrorists"", ""syrians kill children""]"
Dehumanizing and promoting violence against black women.,"[""are meant to be slaves"", ""are taken from their homes"", ""black people are property"", ""black people are slaves"", ""deserves to be a slave"", ""is from a village""]"
Sexist and objectifying towards feminists.,"[""feminism is wrong"", ""feminists don't want to sleep with men"", ""women are only for sex"", ""women are sex objects""]"
Racist joke about killing black people.,"[""black people are drug addicts"", ""black people are less valuable to society"", ""black people should die"", ""violence against blacks is acceptable""]"
Anti-Semitic stereotype: Jews are cheap.,"[""deserves to die"", ""holocaust reference"", ""jewish folks deserved to die in the holocaust"", ""jewish folks' lives don't matter"", ""jews deserved to be burned by nazi's"", ""jews lives aren't worth anything""]"
Stereotype: Africa is poor and hungry.,"[""african people are all starving."", ""african people don't have enough food."", ""africans are lesser"", ""africans are poor"", ""africans have no food"", ""africans starve""]"
Africans hungry and poor.,"[""ethiopian folks are poor"", ""ethiopian folks are starving"", ""ethiopians are starving"", ""ethiopians will jump for food"", ""fight over food"", ""poor people""]"
Offensive stereotyping of African culture.,"[""african people are poor"", ""africans are all starved"", ""are starving"", ""deserve to be made fun of"", ""doesn't eat""]"
"Anti-Semitic stereotype, greedy and cheap.","[""gets burnt"", ""holocaust reference"", ""insinuates jewish people deserved to die in the holocaust"", ""jews are a joke"", ""jews should be dead"", ""trivializes harm to holocaust victims""]"
Sexist and violent statement.,"[""women are beat up"", ""women are in abusive relationships"", ""women should be beaten"", ""women should be told what to do""]"
Racist joke about lynching.,"[""black folks are undesirable"", ""black folks loiter"", ""black folks should be lynched"", ""black people are killed in the open and no one cares"", ""black people are killed in the open and no one notices""]"
Racial stereotype: Black kids are misbehaving.,"[""black folks aren't smart"", ""black folks have hair like velcro."", ""black folks have weird hair."", ""black kids are unruly"", ""have sticky hair"", ""worthless""]"
Rape allegations against Bill Cosby.,"[""trivializes harm to victims""]"
"Stereotyping Native Americans, emotional vulnerability.","[""deserve bad treatment"", ""native americans are sad"", ""native americans lost their land"", ""natives are crybabies"", ""natives are weak"", ""trail of tears reference""]"
Stereotype of reckless driving and law breaking.,"[""are illegal immigrants"", ""are poor"", ""have a low position in society"", ""hide in back of truck to cross border"", ""mexican folks break the law"", ""mexican folks ride in pickups""]"
Racial stereotype: Black people use food stamps.,"[""all black folks are on welfare"", ""black folks are a drain on society"", ""black folks are poor"", ""black people are on welfare"", ""black people are poor"", ""black people are stupid"", ""black people need assistance""]"
Offensive stereotypes about black women.,"[""black people are cotton pickers"", ""black people are stupid"", ""black people pick cotton"", ""pick cotton"", ""trivializes racism""]"
Stereotype of Jews being slow.,"[""jewish folk deserve to be ridiculed"", ""jewish people dying in the holocaust is funny."", ""jewish people were burned in the holocaust."", ""trivializes the holocaust""]"
Offensive racial comparison.,"[""belittles black people"", ""blacks are worthless"", ""blacks should be called the n-word"", ""calls the the term niggars""]"
Viewing daughter as medication.,"[""women are for sex"", ""women are objects"", ""women deserve to be raped."", ""young girls are attractive.""]"
Racist pregnancy stereotype.,"[""black folks aren't as good as whites"", ""black lives do not matter"", ""black people are scum"", ""black people are sub-human"", ""black people are worthless"", ""black people hold no value""]"
Sexualizing black women's bodies.,"[""a black child is akin to poop"", ""black babies are the equivalent of human waste"", ""black children are like poop"", ""black women have kids mindlessly"", ""blacks are lazy"", ""blacks arent worth a shit""]"
Antisemitic joke: Jews killed in Holocaust.,"[""jews are all ash"", ""jews are evil"", ""jews are not good people"", ""trivializes harm to victims"", ""trivializes the holocaust""]"
Anti-Semitic arson implication.,"[""get put in fires"", ""jewish people deserve to be killed"", ""jewish people were burned alive"", ""jews are evil"", ""jews killed in concentrated camps""]"
Anti-Semitic joke - Jews causing destruction.,"[""are victims"", ""holocaust"", ""jewish people should be killed."", ""makes fun of holocaust"", ""trivializes the holocaust""]"
Holocaust joke.,"[""belittles the way they were killed in gas chambers"", ""deserve to be made fun of"", ""jews deserved to be burned"", ""jews should be cleansed of the earth"", ""makes fun of the amount of jewish  people who were murdered by hitler"", ""were victims""]"
Implying black people are lazy.,"[""are dark"", ""black people are hard to see at night"", ""look different"", ""trivializes being black""]"
Stereotyping New Yorkers as wealthy.,"[""9/11 victims deserved it"", ""9/11 victims were all rich financial people"", ""terrorist attacks are exaggerated by the govt."", ""trivializes harm to victims""]"
Dismissing Holocaust deaths.,"[""didn't die enough in the holocaust"", ""jews deserved to die in the holocaust"", ""jews lives don't matter"", ""should have had more deaths in the holocaust"", ""trivializes harm to victims""]"
Implying black people can't handle alcohol,"[""black folks should be shot"", ""blacks are worthless"", ""blacks should be killed""]"
Expensive and unaffordable.,"[""trivializes harm to victims"", ""trivializing boston bombings""]"
Racial stereotype in sports talent,"[""all black folks are athletic"", ""all black people are athletic"", ""bad at sports"", ""black folks are all athletic"", ""black folks are only good at doing sports"", ""black folks are only good at one thing"", ""black folks are only good at sports"", ""black folks are only worth their athletic ability"", ""black people are good at sports"", ""not talented"", ""only black people have talent in sports""]"
Virginity linked to ugliness.,"[""ugly men are virgins."", ""ugly men can't get women""]"
Negative assumptions about personal hygiene and priorities.,"[""are hoes"", ""have dirty shoes"", ""post calls women names"", ""women have dirty shoes""]"
antisemitic stereotype linking wealth with greed,"[""jewish people are cheap"", ""jewish people will do anything to save money"", ""jews are cheap"", ""jews are greedy"", ""jews will do anything for money""]"
Accusing someone of promiscuity.,"[""women are either pure or soiled."", ""women are hoes"", ""women who cheat are hoes.""]"
Disregard for someone named Harvey.,"[""trivializes harm to victims""]"
Implying racial prejudice or discrimination.,"[""are too dark"", ""black folks are less than human"", ""black folks have dark skin"", ""no one likes them""]"
Antifa portrayed as weak and ineffectual.,"[""antifa is too stupid to do anything."", ""antifa is weak.""]"
Stereotype of black people as violent.,"[""black people are violent"", ""black people engage in arson."", ""black people form mobs."", ""black people join mobs"", ""black people should be shot.""]"
Stereotyping black people as aggressive.,"[""black people all own guns."", ""black people are called niggas"", ""black people fake tough."", ""niggas is a slang term"", ""they are all talk"", ""they like to use violence""]"
Racist comment about black people.,"[""are slaves"", ""black folks are monkeys"", ""black folks aren't people"", ""black people are animals"", ""black people are monkeys"", ""referred to as animals""]"
Implicit bias against non-American names.,"[""minorities don't have normal names"", ""non-american names should be avoided"", ""only american names are normal""]"
Extreme hatred towards liberals. Anti-liberal sentiment. Disease wish.,"[""liberals are despicable."", ""liberals are dishonest"", ""liberals are stupid"", ""liberals deserve to die"", ""liberals do not deserve to live."", ""liberals should die""]"
Negative implied attitudes toward LGBTQ community,"[""are lesser people"", ""are second class citizens"", ""deserve to be hurt."", ""deserve to die"", ""deserves to be hurt"", ""less than human.""]"
Homophobic stereotype about gay men.,"[""gay people are fags"", ""gay people deserve to be shot"", ""trivializes harm to victims""]"
Implied racist stereotype against African Americans.,"[""black folks are not worthy of equality"", ""black people are poor"", ""black people are property"", ""black people are worthless"", ""black people were called niggers"", ""nigger is a derogatory term for black people"", ""racial slur""]"
Racist comments about white and brown people.,"[""accuses teachers of teaching racist against white and for blacks"", ""black people are lesser"", ""black people get special treatment"", ""blacks are not equal to whites""]"
Racism and homophobia implied.,"[""gay folks don't deserve equal rights."", ""gay men don't deserve rights"", ""heterosexuals are entitled"", ""hetersexuals are better than homosexuals.""]"
Implied Holocaust reference.,"[""all jewish people have id number tattoos"", ""jewish folks were rounded up in concentration camps"", ""jews are marked"", ""jews had numbers tattooed on their arms"", ""jews were marked and branded with numbers in camps""]"
Stereotype of wealthy Black man.,"[""racial slur"", ""uses the n word""]"
Implying the adoption of a Black child was due to cost or discount.,"[""are property of whites."", ""are slaves"", ""black people are goods"", ""black people can be bought and sold"", ""can be bought"", ""sold as slaves.""]"
Glorifying drug use and objectifying women,"[""women are 'bitches'."", ""women are only good for sex."", ""women are sex objects.""]"
"Homophobic double standard, public affection.","[""gay men are irresponsible"", ""gay men are overly affectionate"", ""gay people kissing is weird"", ""gay people shouldn't be allowed to kiss in public"", ""is gross when showing affection"", ""should not kiss in public""]"
"Implied sexism, calling women ""birches""","[""all women behave badly"", ""post calls women names"", ""women are bitches"", ""women are called bitches"", ""women are less than"", ""women deserve name calling""]"
Dehumanizing and objectifying women.,"[""women are beat up"", ""women are buyable"", ""women are for sale"", ""women are in abusive relationships"", ""women are property"", ""women should serve men""]"
Disrespectful language towards Sadiq Khan.,"[""arabic people are disloyal."", ""arabic people are terrorists.""]"
Dismissive of women as promiscuous.,"[""women are all cheaters"", ""women are animals"", ""women are hoes"", ""women are promiscuous""]"
Racial stereotype and hostility towards African Americans.,"[""are niggers"", ""black folks are angry"", ""black folks are hateful"", ""black folks are ignorant"", ""black folks are stupid"", ""black folks hate people for no reason"", ""black people are rude."", ""black people hate everyone."", ""dislike people""]"
Implying liberals are arrogant and self-absorbed.,"[""liberals are blind to facts."", ""liberals are ignorant"", ""liberals are stupid."", ""liberals have their heads up their asses"", ""they aren't concerned with others"", ""they do things to support themselves""]"
Disrespectful graffiti at abortion clinic.,"[""makes light of abortion""]"
"Colorism, surprise at dark beauty.","[""aren't seen as pretty"", ""aren't typically pretty"", ""black folks are pretty"", ""black folks are rarely good looking"", ""dark skinned people are unattractive"", ""light skin is more pretty""]"
Opposition to interracial relationships.,"[""minorities are unworthy of marrying white people"", ""minorities shouldn't be in relationships with white people"", ""non-white folks are inferior"", ""non-white folks are undeserving""]"
French speak better English.,"[""immigrants aren't fluent in english"", ""immigrants can't speak proper english""]"
"Racial stereotypes, discrimination, prejudice.","[""black people are criminals"", ""black people are criminals."", ""black people are inferior"", ""black people aren't funny."", ""blacks commit all the crime."", ""people should be scared of blacks.""]"
Chineses people all look alike.,"[""all chinese people look the same"", ""all look the same"", ""asians all look the same"", ""deserve to be made fun of"", ""dont look different"", ""look the same""]"
Implying support for abortion while disliking women's choices.,"[""don't deserve rights"", ""men are better than women"", ""women should be subservient to men in society"", ""women shouldn't have as many rights as men""]"
Anti-choice and misogynistic view on abortion.,"[""are just objects"", ""are lesser people"", ""women are inferior"", ""women are just property"", ""women shouldn't make their own choices""]"
Offensive stereotype of Native Americans.,"[""native american lives are worthless"", ""native american's owe white's"", ""native americans all get bird flu"", ""native americans are inferior""]"
Racial stereotype about running ability.,"[""black folks are athletic"", ""black folks run fast"", ""black people are all the same."", ""black people are athletic.""]"
Sexist stereotype about female bosses.,"[""women aren't as smart as men."", ""women aren't leaders."", ""women can't be bosses""]"
Racial stereotype about white people and family size.,"[""white folks are privileged"", ""white folks don't care about their children""]"
Negative stereotype about transwomen.,"[""is a disappointment"", ""is promiscuous"", ""trans people are not important"", ""trans women are always bitchy"", ""transwomen are all bitchy"", ""transwomen are unpleasant""]"
Minimizing Holocaust and Hitler's actions.,"[""jews should die"", ""makes light of the holocaust"", ""referring to the holocaust"", ""trivializes the death of jews in gas chambers""]"
Stereotyping Asians as unlikable.,"[""americans are self centered"", ""americans don't like other races""]"
Racial stereotype and objectification.,"[""black folks are slaves"", ""black folks aren't people"", ""black folks can be purchased"", ""black folks deserve to be purchased"", ""black people are property."", ""black people deserve to be slaves.""]"
Derogatory comparison to child pornography.,"[""child porn is hot or okay."", ""children can be sexy."", ""little people are like children"", ""little people look like children""]"
Racist comment about black people.,"[""black people are bad"", ""black people are inferior"", ""black people are slaves"", ""black people should be property"", ""black people should still be slaves"", ""black people were slaves""]"
Muslims are bad at comedy.,"[""all terrorists"", ""are all criminals"", ""bomb things"", ""muslims are suicide bombers"", ""muslims are terrorists"", ""trivializes harm to victims"", ""would bomb at comedy""]"
Denigrating traditional gender roles.,"[""ethiopians are poor"", ""ethiopians are starved"", ""ethiopians don't have a lot of food"", ""ethiopians have no food"", ""they should always cook the food"", ""women are meant to do housework"", ""women are supposed to be in the kitchen"", ""women should stay in kitchen""]"
Minimizing severity of sexual assault.,"[""makes light of rape"", ""trivializes harm to victims""]"
Derogatory terms for disabilities.,"[""disabled folks are less than human"", ""disabled people are jokes"", ""physically disabled folks cannot care for themselves""]"
Derogatory and ableist remark.,"[""are inferior to other groups"", ""are slow"", ""handicapped persons may be unable to speak coherently"", ""handicapped persons may not have full control of bodily functions"", ""mentally disabled folks cant talk."", ""mentally disabled folks drool.""]"
Implying she's a prisoner.,"[""are bad"", ""deserves to be held hostage"", ""syrian folks keep their spouses as slaves"", ""syrian women are slaves""]"
Offensive stereotype about blind people.,"[""blind people are idiots"", ""blind people have to be told what to do""]"
Inappropriate sexual joke in interview.,"[""are marginalized for a joke"", ""jokes about child sex abuse"", ""trivializes harm to victims""]"
Negative stereotype about disabled people.,"[""can't do anything but sit"", ""just complain all the time"", ""people in wheelchairs can't enjoy trampolines"", ""people in wheelchairs complain too much""]"
Offensive stereotypes towards Democrats in Alabama.,"[""being retarded is wrong"", ""demeans people with mental disorders"", ""insensitive to people with mental illness"", ""liberals are incompetent"", ""liberals are retarded"", ""liberals are stupid"", ""retardation isn't serious""]"
Stereotyping Muslims as terrorists.,"[""muslim people are terroists"", ""muslims are bombers."", ""muslims are suicide bombers"", ""muslims are terrorists.""]"
Racist towards Black individuals.,"[""black folks like black panther."", ""black folks went to see black panther."", ""black people deserve to be killed"", ""black people were regularly lynched""]"
Anti-police sentiment and distrust.,"[""cops all have bad attitudes"", ""cops are racist""]"
Insensitive jokes about 9/11 victims.,"[""makes joke about those who were killed at twin towers"", ""making fun of 9/11 victims falling""]"
Racist assumption about follower.,"[""black people are petty"", ""black people aren't as good as whites""]"
Racial stereotype and discrimination.,"[""black folks are property"", ""black folks should serve whites/be slaves"", ""black people are named leroy"", ""black people do manual labor"", ""blacks are domestic help"", ""we should go back to the days of slavery""]"
Dismissive of uniqueness in women.,"[""women are b*tches"", ""women change who they are to please men""]"
Offensive stereotype against LGBTQ+ individuals.,"[""are effeminate"", ""gay people are fruits"", ""gay people are inferior"", ""physically disabled people are \""vegetables\"""", ""physically disabled people are inferior"", ""physically disabled people are physically useless."", ""physically disabled people are vegetables"", ""uses derogartory term""]"
"Racist comment, black lynching implication.","[""alluding to the fact that many blacks were hanged in the past."", ""black people are lynched."", ""black people are slaves."", ""black people shouldn't be mixed with"", ""its ok to lynch black people"", ""saying no to interracial marriage.""]"
Violent racist actions against friends.,"[""are second class citizens"", ""are still seen as slaves"", ""blacks are worth less"", ""lessens idea of slavery"", ""white people are prejudiced but pretend not to be"", ""white people claim to like blacks but really don't""]"
Sexist remark about female announcers.,"[""sports talk should be left to men"", ""women are stupid"", ""women dont know sports"", ""women shouldn't talk about sports""]"
"Implying infidelity, both not mother's.","[""abusing women is funny"", ""women are not equal"", ""women are subservient to men"", ""women should be disciplined by they're husbands""]"
Jews portrayed as fascists.,"[""jews are filled with hate"", ""jews are subversives"", ""liberals are trying to portray jewish people as fascist."", ""liberals aren't smart.""]"
Implying women must have a partner.,"[""all women sleep around"", ""women are promiscuous"", ""women are sluts"", ""women get what they want""]"
Offensive stereotype of absent black fathers.,"[""black fathers are absent"", ""black kids are always waiting to meet their dads"", ""black men abandon their families"", ""black men are absent fathers"", ""black men don't take care of their kids"", ""black men leave their families""]"
Disparaging school and students at Nansemond.,"[""mentally disabled people are easy to make fun of"", ""mentally disabled people are not smart""]"
Implying speaker is unattractive.,"[""it's okay to insult women."", ""women are bitches"", ""women are bitches."", ""women are lesser""]"
Black people are poor stereotypes.,"[""black people are ghetto"", ""black people are poor"", ""black people are poor."", ""black people are worthless."", ""equating black people and ghettos."", ""insinuating that black people are poor.""]"
Racist and dehumanizing language.,"[""are inferior to other groups"", ""are of low value"", ""black people are lesser"", ""black people should be slaves"", ""jokes about slavery"", ""use of nigger""]"
Racial hatred towards various ethnicities.,"[""hate against people of color"", ""minorities are not equal to whites"", ""minorities are ruining the white countries and areas."", ""racism is okay"", ""white people are better""]"
Implying athletes are rapists.,"[""trivializes harm to victims""]"
Offensive remark about Black women.,"[""black folks are embarrassing to be with"", ""black folks are lesser than white folkd"", ""black folks aren't as good as whites"", ""black women are all fat"", ""fat women are embarrassing to be with."", ""fat women are unattractive""]"
negative connotations of education system,"[""consists of school children"", ""trivializes harm to victims""]"
Belittling and judgmental attitude towards appearance.,"[""only attractive women deserve respect"", ""women should care about their appearance""]"
Stereotype of not paying for services.,"[""black people are criminals"", ""black people are criminals."", ""black people are theives"", ""black people are thieves"", ""black people are thieves."", ""blacks are criminals""]"
"Feminism glorifies obesity, unhealthy focus.","[""feminists don't care about being healthy."", ""feminists glorify obesity."", ""obesity is only caused by unhealthy lifestyles."", ""overweight women are feminists.""]"
Antisemitic remark.,"[""jewish folks are bad"", ""jewish folks are evil"", ""jewish people are evil"", ""jewish people are evil."", ""jewish people are worthless.""]"
Implying women are not fit for certain jobs.,"[""women are emotional."", ""women can't do certain jobs as well as men"", ""women should not do physically demanding jobs"", ""women shouldn't be in a enforcement job.""]"
Suggests all Arab countries are at war.,"[""arabs are not peaceful."", ""arabs fight all the time."", ""muslims are taking over western society"", ""muslims hate westerners and other muslim nations""]"
Racist comment against multiracial Canada.,"[""non-white people are bad"", ""non-white people are replacing white people."", ""non-white people make society hell"", ""non-white people ruin the life of white people."", ""non-white people should be seperated.""]"
Sexist and demeaning towards women,"[""are all bitches"", ""is promiscuous""]"
Offensive stereotyping of slaves.,"[""all blacks are strong."", ""black folks are not human"", ""black folks are slaves"", ""black people are strong and good for manual labor"", ""blacks deserve to be slaves"", ""blacks should still be enslaved.""]"
Offensive comparison to slavery.,"[""blacks are less than human"", ""blacks are slaves"", ""blacks lives don't matter"", ""blacks worked in fields"", ""making fun of slavery""]"
Viewing women as inferior.,"[""kidnapping victims are confined against their will"", ""trivializes harm to victims."", ""women are animals"", ""women are held against their will by men"", ""women belong in cages"", ""young women are preyed upon by adult men""]"
Yellow and Melted is offensive.,"[""asians are yellow"", ""asians lives don't matter"", ""makes light of dead vietnamese"", ""trivializes the death of vietnamese civilians in the vietnam war"", ""vietnamese are yellow"", ""vietnamese lives don't matter""]"
"Sexual objectification, violence against women.","[""they are not worthy of life"", ""woman are objects"", ""woman are sex objects"", ""women are property"", ""women deserve violence"", ""women should be subservient to men""]"
Stereotype about abusive relationships,"[""doesn't respect women."", ""likes women worn out, drugged and used."", ""only exist for sex"", ""should be beaten and abused"", ""women are okay to beat"", ""women are okay to drug"", ""women are okay to rape"", ""women are to be used for sex""]"
Violent and degrading.,"[""woman deserve to be beat"", ""women are beat up"", ""women are powerless"", ""women are useless"", ""women should be controlled by their men"", ""women want to be abused""]"
"Objectifying women as meat, advocating for violence.","[""it's okay to beat a woman"", ""should be beaten"", ""women are beneath men"", ""women are worthless"", ""women deserve to be abused""]"
Sexist and violent stereotypes.,"[""abusing women is funny"", ""women are beat up"", ""women are lesser than men"", ""women are not valued"", ""women are only good for sex"", ""women are powerless"", ""women are property"", ""women deserve to be beaten and drugged""]"
